<?xml version="1.0" encoding="UTF-8"?>
<project-private xmlns="http://www.netbeans.org/ns/project-private/1">
    <editor-bookmarks xmlns="http://www.netbeans.org/ns/editor-bookmarks/2" lastBookmarkId="0"/>
    <open-files xmlns="http://www.netbeans.org/ns/projectui-open-files/2">
        <group>
            <file>file:/C:/Users/AzBlexxADM/Documents/NetBeansProjects/lab4/src/java/lab4/models/Authentication.java</file>
            <file>file:/C:/Users/AzBlexxADM/Documents/NetBeansProjects/lab4/web/login.jsp</file>
            <file>file:/C:/Users/AzBlexxADM/Documents/NetBeansProjects/lab4/web/error.jsp</file>
            <file>file:/C:/Users/AzBlexxADM/Documents/NetBeansProjects/lab4/src/java/lab4/models/user.java</file>
            <file>file:/C:/Users/AzBlexxADM/Documents/NetBeansProjects/lab4/src/java/lab4/controllers/LoginController.java</file>
            <file>file:/C:/Users/AzBlexxADM/Documents/NetBeansProjects/lab4/web/success.jsp</file>
        </group>
    </open-files>
</project-private>
