<?xml version="1.0" encoding="UTF-8"?>
<project-private xmlns="http://www.netbeans.org/ns/project-private/1">
    <editor-bookmarks xmlns="http://www.netbeans.org/ns/editor-bookmarks/2" lastBookmarkId="0"/>
    <open-files xmlns="http://www.netbeans.org/ns/projectui-open-files/2">
        <group>
            <file>file:/C:/Users/AzBlexxADM/Documents/NetBeansProjects/lab6.2/web/success.jsp</file>
            <file>file:/C:/Users/AzBlexxADM/Documents/NetBeansProjects/lab6.2/src/java/models/User.java</file>
            <file>file:/C:/Users/AzBlexxADM/Documents/NetBeansProjects/lab6.2/src/java/models/Autentication.java</file>
            <file>file:/C:/Users/AzBlexxADM/Documents/NetBeansProjects/lab6.2/web/login.jsp</file>
            <file>file:/C:/Users/AzBlexxADM/Documents/NetBeansProjects/lab6.2/src/java/controllers/LongoutController.java</file>
            <file>file:/C:/Users/AzBlexxADM/Documents/NetBeansProjects/lab6.2/web/profile.jsp</file>
            <file>file:/C:/Users/AzBlexxADM/Documents/NetBeansProjects/lab6.2/web/error.jsp</file>
            <file>file:/C:/Users/AzBlexxADM/Documents/NetBeansProjects/lab6.2/src/java/controllers/ProfileController.java</file>
            <file>file:/C:/Users/AzBlexxADM/Documents/NetBeansProjects/lab6.2/src/java/controllers/LoginController.java</file>
        </group>
    </open-files>
</project-private>
